"한강","10011100","대관령","운영","보통","100105","기상청"
"한강","10011217","정선군","운영","보통","100112","기상청"
"한강","10014010","평창군(월정분교)","운영","T/M","100108","환경부"
"한강","10014020","정선군(정선군2청사)","운영","T/M","100112","환경부"
"한강","10014070","상원사","폐쇄","보통","100108","환경부"
"한강","10014080","강릉시(대기리)","운영","T/M","100106","환경부"
"한강","10014090","정선군(고한읍사무소)","운영","T/M","100113","환경부"
"한강","10014100","삼척시(번천리)","운영","T/M","100101","환경부"
"한강","10014110","평창군(상진부리)","운영","T/M","100108","한국수자원공사"
"한강","10014120","평창군(수하리)","운영","T/M","100105","한국수자원공사"
"한강","10014130","정선군(애산리)","운영","T/M","100112","한국수자원공사"
"한강","10014140","정선군(송계리)","운영","T/M","100104","한국수자원공사"
"한강","10014150","정선군(직전리)","운영","T/M","100113","한국수자원공사"
"한강","10014160","평창군(율치리)","운영","T/M","100115","한국수자원공사"
"한강","10014170","강릉시(대기리2)","운영","T/M","100106","한국수자원공사"
"한강","10014180","삼척시(광동리)","운영","T/M","100102","한국수자원공사"
"한강","10014190","삼척시(광동댐)","운영","T/M","100101","한국수자원공사"
"한강","10014197","태백시(상사미동)","운영","T/M","100101","한국수자원공사"
"한강","10014200","평창군(회동리)","운영","T/M","100115","한국수자원공사"
"한강","10014210","평창군(수항리)","운영","T/M","100109","한국수자원공사"
"한강","10014220","정선군(문곡리)","운영","T/M","100114","한국수자원공사"
"한강","10014230","정선군(유천리)","운영","T/M","100106","한국수자원공사"
"한강","10014240","정선군(덕암리)","운영","T/M","100102","한국수자원공사"
"한강","10014250","원동","폐쇄","T/M","100101","한국수자원공사"
"한강","10014260","송천1교","운영","T/M","100105","한국수력원자력"
"한강","10021121","영월","운영","보통","100213","기상청"
"한강","10024010","평창군(가평초교)","운영","T/M","100203","환경부"
"한강","10024060","평창군(방림면사무소)","운영","T/M","100205","환경부"
"한강","10024070","대화","폐쇄","보통","100203","환경부"
"한강","10024080","계촌","폐쇄","보통","100204","환경부"
"한강","10024090","평창군(흥정리)","운영","T/M","100201","환경부"
"한강","10024100","평창군(계촌리)","운영","T/M","100204","환경부"
"한강","10024110","평창군(유포리)","운영","T/M","100202","환경부"
"한강","10024120","평창군(유포리2)","운영","T/M","100202","환경부"
"한강","10024130","평창군(도사리)","운영","T/M","100201","환경부"
"한강","10024140","평창군(고길리)","운영","T/M","100206","환경부"
"한강","10024150","평창군(신리)","운영","T/M","100203","환경부"
"한강","10024160","평창군(이승복기념관)","운영","T/M","100201","환경부"
"한강","10024170","영월군(무릉리)","운영","T/M","100210","한국수자원공사"
"한강","10024180","평창군(계촌리2)","운영","T/M","100204","한국수자원공사"
"한강","10024190","평창군(원길리)","운영","T/M","100201","한국수자원공사"
"한강","10024200","평창군(후평리)","운영","T/M","100205","한국수자원공사"
"한강","10024210","평창군(대화리)","운영","T/M","100203","한국수자원공사"
"한강","10024220","영월군(북쌍리)","운영","T/M","100213","한국수자원공사"
"한강","10024230","횡성군(부곡리)","운영","T/M","100208","한국수자원공사"
"한강","10024240","원주시(황둔리)","운영","T/M","100209","한국수자원공사"
"한강","10024250","횡성군(상안리)","운영","T/M","100208","한국수자원공사"
"한강","10024260","영월군(연덕리)","운영","T/M","100212","한국수자원공사"
"한강","10031221","제천","운영","보통","100314","기상청"
"한강","10034050","단양군(영춘중교)","운영","T/M","100306","환경부"
"한강","10034060","제천시(덕주휴게소)","운영","T/M","100318","환경부"
"한강","10034070","단양군(올산리)","운영","T/M","100309","환경부"
"한강","10034080","제천시(평동리)","운영","T/M","100316","한국수자원공사"
"한강","10034090","제천시(물태리)","운영","T/M","100319","한국수자원공사"
"한강","10034100","단양군(하방리)","운영","T/M","100309","한국수자원공사"
"한강","10034110","단양군(오사리)","운영","T/M","100306","한국수자원공사"
"한강","10034120","영월군(주문리)","운영","T/M","100305","한국수자원공사"
"한강","10034130","충주시(충주댐)","운영","T/M","100319","한국수자원공사"
"한강","10034140","단양군(가평리)","운영","T/M","100101","한국수자원공사"
"한강","10034150","제천시(삼거리)","운영","T/M","100315","한국수자원공사"
"한강","10034160","제천시(도전리)","운영","T/M","100317","한국수자원공사"
"한강","10034170","단양군(율곡리)","운영","T/M","100307","한국수자원공사"
"한강","10034180","영월군(내리)","운영","T/M","100304","한국수자원공사"
"한강","10041127","충주","운영","보통","100414","기상청"
"한강","10044010","괴산군(청천면사무소)","운영","T/M","100403","환경부"
"한강","10044020","충주시(수안보면사무소)","운영","T/M","100412","환경부"
"한강","10044030","괴산군(연풍초교)","운영","T/M","100407","환경부"
"한강","10044060","보은군(법주분교)","운영","T/M","100401","환경부"
"한강","10044080","상주시(입석분교)","운영","T/M","100405","환경부"
"한강","10044090","보은군(법주사)","운영","T/M","100401","환경부"
"한강","10044100","괴산군(고마리)","운영","T/M","100408","한국수자원공사"
"한강","10044110","청주시(성대리)","운영","T/M","100402","환경부"
"한강","10044120","충주시(대곡리)","운영","T/M","100413","한국수자원공사"
"한강","10044130","충주시(향산리)","운영","T/M","100408","한국수자원공사"
"한강","10044140","괴산군(오가리)","운영","T/M","101404","한국수자원공사"
"한강","10044150","음성군(음성고교)","운영","T/M","100410","환경부"
"한강","10044160","괴산군(송면중교)","운영","T/M","100405","환경부"
"한강","10044170","괴산군(문당리)","운영","T/M","100404","환경부"
"한강","10044180","보은군(탁주리)","운영","T/M","100401","환경부"
"한강","10044182","괴산댐","폐쇄","T/M","100406","한국수력원자력"
"한강","10044270","송면","운영","T/M","100405","한국수력원자력"
"한강","10044280","미원","운영","T/M","100402","한국수력원자력"
"한강","10044282","내속리","운영","T/M","100401","한국수력원자력"
"한강","10044284","압항천","운영","T/M","100404","한국수력원자력"
"한강","10044285","고성교","운영","T/M","100403","한국수력원자력"
"한강","10044286","후영교","운영","T/M","100406","한국수력원자력"
"한강","10054010","원주시(법천교)","운영","T/M","100505","환경부"
"한강","10054020","충주시(엄정면사무소)","운영","T/M","100502","환경부"
"한강","10054030","충주시(용대리)","운영","T/M","100503","환경부"
"한강","10061114","원주","운영","보통","100606","기상청"
"한강","10064010","원주","폐쇄","보통","100600","환경부"
"한강","10064020","횡성군(횡성군청)","운영","T/M","100605","환경부"
"한강","10064030","양평군(양동주민자치센터)","운영","T/M","100607","환경부"
"한강","10064040","횡성군(청일면사무소)","운영","T/M","100601","환경부"
"한강","10064050","원주시(지정면사무소)","운영","T/M","100608","환경부"
"한강","10064060","원주시(문막교)","운영","T/M","100610","환경부"
"한강","10064070","원주시(서곡초교)","운영","T/M","100609","환경부"
"한강","10064080","횡성군(우항리)","운영","T/M","100604","환경부"
"한강","10064090","원주시(흥양초교)","운영","T/M","100606","환경부"
"한강","10064100","횡성군(춘당리)","운영","T/M","100601","한국수자원공사"
"한강","10064110","횡성군(갑천리)","운영","T/M","100601","한국수자원공사"
"한강","10064120","횡성군(횡성댐)","운영","T/M","100602","한국수자원공사"
"한강","10071202","양평","운영","보통","100718","기상청"
"한강","10071203","이천","운영","보통","100714","기상청"
"한강","10074010","양평군(양평교)","운영","T/M","100718","환경부"
"한강","10074020","장호원","폐쇄","보통","100704","환경부"
"한강","10074030","여주시(여주대교)","운영","T/M","100708","환경부"
"한강","10074040","양평군(청운면사무소)","운영","T/M","100716","환경부"
"한강","10074050","음성군(생극면사무소)","운영","T/M","100704","환경부"
"한강","10074060","이천시(이천남초교)","운영","T/M","100713","환경부"
"한강","10074070","여주시(금당초교)","운영","T/M","100706","환경부"
"한강","10074080","안성시(삼죽초교)","운영","T/M","100702","환경부"
"한강","10074090","이천시(장천초교)","운영","T/M","100703","환경부"
"한강","10074100","여주시(주암리)","운영","T/M","100707","환경부"
"한강","10074110","광주시(검천리)","운영","T/M","100719","환경부"
"한강","10074120","여주시(상품중교)","운영","T/M","100715","환경부"
"한강","10074170","흑천","폐쇄","T/M","100717","한국수력원자력"
"한강","10074175","남한강","폐쇄","T/M","100706","한국수력원자력"
"한강","10094010","화천군(평화의댐)","운영","T/M","100903","한국수자원공사"
"한강","10094020","화천군(풍산리)","운영","T/M","100903","한국수자원공사"
"한강","10104010","화천군(화천군청)","운영","T/M","101008","환경부"
"한강","10104020","화천군(다목초교)","운영","T/M","101008","환경부"
"한강","10104030","양구군(방산초교)","운영","T/M","101003","환경부"
"한강","10104040","화천군(명월리)","운영","T/M","101010","환경부"
"한강","10104048","화천댐","폐쇄","T/M","101007","한국수력원자력"
"한강","10104050","화천군(화천댐)","운영","T/M","101006","환경부"
"한강","10104060","양구군(금악리)","운영","T/M","101003","환경부"
"한강","10104070","춘천시(지촌초교)","운영","T/M","101010","환경부"
"한강","10104080","화천군(상승초교)","운영","T/M","101008","환경부"
"한강","10104082","춘천댐","폐쇄","T/M","101012","한국수력원자력"
"한강","10104170","수입천","운영","T/M","101003","한국수력원자력"
"한강","10104171","양구서천","운영","T/M","101004","한국수력원자력"
"한강","10104172","용신교","운영","T/M","101008","한국수력원자력"
"한강","10104173","지촌천","운영","T/M","101009","한국수력원자력"
"한강","10104174","약수교","운영","T/M","101004","한국수력원자력"
"한강","10114020","용대","폐쇄","보통","101103","환경부"
"한강","10114030","인제군(서성초교)","운영","T/M","101102","한국수자원공사"
"한강","10114040","인제군(한계초교)","운영","T/M","101103","한국수자원공사"
"한강","10114050","인제군(백담산장)","운영","T/M","101103","환경부"
"한강","10114060","장수대","폐쇄","보통","101103","환경부"
"한강","10114070","인제군(덕적리)","운영","T/M","101104","한국수자원공사"
"한강","10114080","인제군(용대초교)","운영","T/M","101103","한국수자원공사"
"한강","10121211","인제","운영","보통","101206","기상청"
"한강","10124020","인제군(신남중교)","운영","T/M","101206","환경부"
"한강","10124050","춘천시(추곡초교)","운영","T/M","101207","한국수자원공사"
"한강","10124060","인제군(남전리)","운영","T/M","101206","한국수자원공사"
"한강","10124080","인제군(현리)","운영","T/M","101204","한국수자원공사"
"한강","10124090","홍천군(창촌리)","운영","T/M","101201","한국수자원공사"
"한강","10124110","인제군(진동리)","운영","T/M","101204","환경부"
"한강","10124120","홍천군(명개리)","운영","T/M","101201","환경부"
"한강","10124130","인제군(신남리)","운영","T/M","101206","한국수자원공사"
"한강","10124140","인제군(상남초교)","운영","T/M","101202","한국수자원공사"
"한강","10124150","인제군(귀둔리)","운영","T/M","101205","한국수자원공사"
"한강","10124160","홍천군(명개리2)","운영","T/M","101201","한국수자원공사"
"한강","10124170","춘천시(천전리)","운영","T/M","101208","환경부"
"한강","10124175","지내천","운영","T/M","101208","한국수력원자력"
"한강","10124180","춘천시(소양강댐)","운영","T/M","101207","한국수자원공사"
"한강","10131101","춘천","운영","보통","101302","기상청"
"한강","10134010","춘천시(소양2교)","운영","T/M","101302","환경부"
"한강","10134020","가평군(가평교)","운영","T/M","101306","환경부"
"한강","10134030","가평군(화악교)","운영","T/M","101306","환경부"
"한강","10134032","의암댐","폐쇄","T/M","101304","한국수력원자력"
"한강","10134045","목동교","운영","T/M","101306","한국수력원자력"
"한강","10134140","가평천","폐쇄","T/M","101306","한국수력원자력"
"한강","10141212","홍천","운영","보통","101408","기상청"
"한강","10144010","홍천군(홍천농고)","운영","T/M","101406","환경부"
"한강","10144020","홍천군(서석면사무소)","운영","T/M","101401","환경부"
"한강","10144030","두촌2","폐쇄","보통","101403","환경부"
"한강","10144040","홍천군(내촌면사무소)","운영","T/M","101402","환경부"
"한강","10144050","홍천군(반곡교)","운영","T/M","101412","환경부"
"한강","10144060","홍천군(매산초교)","운영","T/M","101411","환경부"
"한강","10144070","홍천군(삼포초교)","운영","T/M","101405","환경부"
"한강","10144080","홍천군(노천초교)","운영","T/M","101407","환경부"
"한강","10144090","홍천군(북방리)","운영","T/M","101409","환경부"
"한강","10144100","홍천군(두촌중교)","운영","T/M","101403","환경부"
"한강","10144165","홍천강(성포교)","운영","T/M","101404","한국수력원자력"
"한강","10144170","홍천강(남산교)","폐쇄","T/M","101408","한국수력원자력"
"한강","10144172","화천천","운영","T/M","101008","한국수력원자력"
"한강","10144180","홍천강(한덕교)","운영","T/M","101413","한국수력원자력"
"한강","10154010","가평군(하면사무소)","운영","T/M","101503","환경부"
"한강","10154020","가평군(신청평대교)","운영","T/M","101506","환경부"
"한강","10154030","가평군(중미산)","운영","T/M","101507","환경부"
"한강","10154032","청평댐","폐쇄","T/M","101506","한국수력원자력"
"한강","10154035","산장제1교","운영","T/M","101504","한국수력원자력"
"한강","10164010","광주시(광주시청)","운영","T/M","101603","환경부"
"한강","10164020","광주시(남한산초교)","운영","T/M","101605","환경부"
"한강","10164030","용인시(포곡초교)","운영","T/M","101601","환경부"
"한강","10164040","용인시(운학초교)","운영","T/M","101601","환경부"
"한강","10164050","용인시(모현면사무소)","운영","T/M","101601","환경부"
"한강","10164060","용인시(용동중교)","운영","T/M","101601","환경부"
"한강","10164070","용인시(역삼동주민센터)","운영","T/M","101601","환경부"
"한강","10164075","경안교","운영","T/M","101603","한국수력원자력"
"한강","10164080","광주시(경안교)","운영","T/M","101603","환경부"
"한강","10174020","남양주시(팔당댐)","운영","T/M","101701","환경부"
"한강","10181108","서울","운영","보통","101809","기상청"
"한강","10181116","관악산","폐쇄","보통","101806","기상청"
"한강","10184010","의정부시(중앙초교)","운영","T/M","101808","환경부"
"한강","10184020","포천시(내촌면사무소)","운영","T/M","101802","환경부"
"한강","10184030","남면","폐쇄","보통","101814","환경부"
"한강","10184040","성남시(한국학중앙연구원)","운영","T/M","101805","환경부"
"한강","10184050","고안(등록문화재)","폐쇄","보통","101801","환경부"
"한강","10184060","남양주시(금곡초교)","운영","T/M","101801","환경부"
"한강","10184070","서울","폐쇄","보통","101800","환경부"
"한강","10184080","서울시(구로구청)","운영","T/M","101816","환경부"
"한강","10184090","안양시(충훈1교)","운영","T/M","101815","환경부"
"한강","10184100","서울시(대곡교)","운영","T/M","101806","환경부"
"한강","10184110","남양주시(진관교)","운영","T/M","101803","환경부"
"한강","10184120","포천시(진목리)","운영","T/M","101802","환경부"
"한강","10184125","의정부시(도봉차량기지)","운영","T/M","101808","환경부"
"한강","10184130","성남시(대장동)","운영","T/M","101804","환경부"
"한강","10184140","서울시(송정동)","운영","T/M","101810","환경부"
"한강","10184150","과천시(한국수자원공사)","운영","T/M","101806","환경부"
"한강","10184160","부천시(부안초교)","운영","T/M","101815","환경부"
"한강","10184170","군포시(군포1동주민센터)","운영","T/M","101814","환경부"
"한강","10184180","성남시(성남북초교)","운영","T/M","101805","환경부"
"한강","10184190","서울시(동막골주차장)","운영","T/M","101810","환경부"
"한강","10184200","서울시(월계2교)","운영","T/M","101810","환경부"
"한강","10184210","의왕시(포일동)","운영","T/M","101814","환경부"
"한강","10184220","남양주시(진접읍사무소)","운영","T/M","101802","환경부"
"한강","10184230","성남시(구미초교)","운영","T/M","101804","환경부"
"한강","10184232","팔당댐","폐쇄","T/M","101701","한국수력원자력"
"한강","10194010","김포시(김포시청)","운영","T/M","101903","환경부"
"한강","10194020","귤현보","운영","T/M","101903","한국수자원공사"
"한강","10194030","아라김포TM","운영","T/M","101904","한국수자원공사"
"한강","10204010","연천군(고문분교)","운영","T/M","102215","환경부"
"한강","10204020","연천군(상리초교)","운영","T/M","102214","환경부"
"한강","10214010","연천군(임진교)","운영","T/M","102109","환경부"
"한강","10214020","연천군(횡산리)","운영","T/M","102108","한국수자원공사"
"한강","10214030","연천군(군남댐)","운영","T/M","102108","한국수자원공사"
"한강","10221095","철원","운영","보통","102204","기상청"
"한강","10221098","동두천","운영","보통","102213","기상청"
"한강","10224010","포천시(용담교)","운영","T/M","102204","환경부"
"한강","10224020","포천시(영송리)","운영","T/M","102210","환경부"
"한강","10224030","철원군(청양리)","운영","T/M","102202","환경부"
"한강","10224040","포천시(포천노곡초교)","운영","T/M","102206","환경부"
"한강","10224050","양주시(봉암초교)","운영","T/M","102213","환경부"
"한강","10224060","포천시(포천삼정초교)","운영","T/M","102213","환경부"
"한강","10224070","포천시(송우초교)","운영","T/M","102208","환경부"
"한강","10224080","철원군(오덕초교)","운영","T/M","102203","환경부"
"한강","10224090","포천시(화현초교)","운영","T/M","102209","환경부"
"한강","10224100","철원군(서면초교)","운영","T/M","102202","환경부"
"한강","10231099","파주","운영","보통","102304","기상청"
"한강","10234010","파주시(통일대교)","운영","T/M","102304","환경부"
"한강","10234020","파주시(법원리)","운영","T/M","102306","환경부"
"한강","10234030","파주시(신산초교)","운영","T/M","102305","환경부"
"한강","10234040","파주시(용연초교)","운영","T/M","102303","환경부"
"안성천","11011119","수원","운영","보통","110112","기상청"
"안성천","11014010","평택시(진위면사무소)","운영","T/M","110114","환경부"
"안성천","11014020","안성시(안성시청)","운영","T/M","110101","환경부"
"안성천","11014030","용인시(원삼면사무소)","운영","T/M","110102","환경부"
"안성천","11014040","화성시(양감면사무소)","운영","T/M","110115","환경부"
"안성천","11014050","천안시(대홍초교)","운영","T/M","110105","환경부"
"안성천","11014060","화성시(수원대학교)","운영","T/M","110113","환경부"
"안성천","11014070","평택시(회화리)","운영","T/M","110114","환경부"
"안성천","11014080","평택시(군문교)","운영","T/M","110107","환경부"
"안성천","11014090","용인시(신갈저수지)","운영","T/M","110110","환경부"
"안성천","11014100","용인시(이동면사무소)","운영","T/M","110109","환경부"
"안성천","11014110","천안시(성거읍사무소)","운영","T/M","110105","환경부"
"안성천","11014120","안성시(삼암리)","운영","T/M","110103","환경부"
"안성천","11014130","안성시(안성서운중교)","운영","T/M","110104","환경부"
"한강","11014140","파주시(적암초교)","운영","T/M","102301","환경부"
"안성천","11111   ","대구(기)","운영","보통","11111 ","기상청"
"한강서해","12011102","백령도","운영","보통","120108","기상청"
"한강서해","12011112","인천","운영","보통","120102","기상청"
"한강서해","12011201","강화","운영","보통","120104","기상청"
"한강서해","12014010","아라인천TM","운영","T/M","120102","한국수자원공사"
"한강서해","12024010","안산시(안산호동초교)","운영","T/M","120201","환경부"
"한강서해","12024020","안산시(장상동)","운영","T/M","120201","환경부"
"한강동해","13011090","속초","운영","보통","130104","기상청"
"한강동해","13014010","양양군(갈천리)","운영","T/M","130106","환경부"
"한강","13014020","인제군(한계령)","운영","T/M","101103","환경부"
"한강동해","13021104","북강릉","운영","보통","130202","기상청"
"한강동해","13021105","강릉","운영","보통","130204","기상청"
"한강동해","13021106","동해","운영","보통","130207","기상청"
"한강동해","13024010","강릉시(소금강분소)","운영","T/M","130201","환경부"
"한강동해","13024030","동해시(달방댐)","운영","T/M","130207","한국수자원공사"
"한강동해","13031214","삼척","폐쇄","보통","130303","기상청"
"한강동해","13034010","삼척시(심포리)","운영","T/M","130301","환경부"
"낙동강","20011216","태백","운영","보통","200101","기상청"
"낙동강","20011271","봉화","운영","보통","200107","기상청"
"낙동강","20014010","봉화군(재산면사무소)","운영","T/M","200106","환경부"
"낙동강","20014020","안동시(석동동)","운영","T/M","200111","환경부"
"낙동강","20014030","안동시(서부리)","운영","T/M","200111","환경부"
"낙동강","20014040","봉화군(애당리)","운영","T/M","200107","환경부"
"낙동강","20014050","안동시(월곡초교)","운영","T/M","200111","환경부"
"낙동강","20014060","봉화군(풍호리)","운영","T/M","200108","환경부"
"낙동강","20014070","태백시(태백시청)","운영","T/M","200101","환경부"
"낙동강","20014080","봉화군(석포초교)","운영","T/M","200102","환경부"
"낙동강","20014090","봉화군(분천리)","운영","T/M","200103","환경부"
"낙동강","20014110","안동시(의촌리)","운영","T/M","200111","한국수자원공사"
"낙동강","20014120","봉화군(대현리)","운영","T/M","200102","한국수자원공사"
"낙동강","20014130","봉화군(갈산리)","운영","T/M","200106","한국수자원공사"
"낙동강","20014140","봉화군(고선리)","운영","T/M","200104","한국수자원공사"
"낙동강","20014150","현동","운영","보통","200106","한국수자원공사"
"낙동강","20014160","태백시(소도동)","운영","T/M","200101","환경부"
"낙동강","20014170","봉화군(관창리)","운영","T/M","200108","한국수자원공사"
"낙동강","20014180","안동시(기사리)","운영","T/M","200111","한국수자원공사"
"낙동강","20014190","봉화군(서동리)","운영","T/M","200107","한국수자원공사"
"낙동강","20014200","태백시(문곡동)","운영","T/M","200101","한국수자원공사"
"낙동강","20014210","울진군(전곡리)","운영","T/M","200103","한국수자원공사"
"낙동강","20014230","영천시(화남면사무소)","운영","T/M","201204","환경부"
"낙동강","20021276","청송군","운영","보통","200210","기상청"
"낙동강","20024020","안동시(당북동)","운영","T/M","200304","환경부"
"낙동강","20024030","청송군(현서면사무소)","운영","T/M","200213","환경부"
"낙동강","20024050","안동시(묵계교)","운영","T/M","200214","환경부"
"낙동강","20024060","안동시(중평리)","운영","T/M","200211","환경부"
"낙동강","20024070","진보2","운영","보통","200207","환경부"
"낙동강","20024080","청송군(덕리)","운영","T/M","200210","한국수자원공사"
"낙동강","20024090","청송군(대전리)","운영","T/M","200208","한국수자원공사"
"낙동강","20024100","영양군(현리)","운영","T/M","200203","한국수자원공사"
"낙동강","20024110","영양군(답곡리)","운영","T/M","200206","한국수자원공사"
"낙동강","20024120","영양군(도곡리)","운영","T/M","200203","한국수자원공사"
"낙동강","20024130","청송군(도평리)","운영","T/M","200213","환경부"
"낙동강","20024140","청송군(월전리)","운영","T/M","200207","한국수자원공사"
"낙동강","20024150","청송군(상의리)","운영","T/M","200208","한국수자원공사"
"낙동강","20024160","영양군(송하리)","운영","T/M","200202","한국수자원공사"
"낙동강","20024170","청송군(성재리)","운영","T/M","200212","한국수자원공사"
"낙동강","20024180","청송군(갈천리)","운영","T/M","200212","한국수자원공사"
"낙동강","20024190","청송군(무계리)","운영","T/M","200212","한국수자원공사"
"낙동강","20031136","안동","운영","보통","200304","기상청"
"낙동강","20034010","의성군(풍지교)","운영","T/M","200308","환경부"
"낙동강","20034020","의성군(윤암리)","운영","T/M","200302","환경부"
"낙동강","20034030","안동시(만운리)","운영","T/M","200305","환경부"
"낙동강","20034040","안동시(망호리)","운영","T/M","200303","환경부"
"낙동강","20041272","영주","운영","보통","200405","기상청"
"낙동강","20044010","영주시(서천교)","운영","T/M","200407","환경부"
"낙동강","20044020","영주시(부석중고교)","운영","T/M","200401","환경부"
"낙동강","20044030","문경시(동로면사무소)","운영","T/M","200414","환경부"
"낙동강","20044050","영주시(수철리)","운영","T/M","200405","환경부"
"낙동강","20044060","경천댐","운영","보통","200413","한국농어촌공사"
"낙동강","20044070","예천군(두천리)","운영","T/M","200414","환경부"
"낙동강","20044080","예천군(고평교)","운영","T/M","200417","환경부"
"낙동강","20044090","예천군(은풍면사무소)","운영","T/M","200411","환경부"
"낙동강","20044100","영주시(성내리)","운영","T/M","200405","환경부"
"낙동강","20044110","봉화군(봉화대교)","운영","T/M","200402","환경부"
"낙동강","20044120","영주시(영주댐)","운영","T/M","200407","한국수자원공사"
"낙동강","20044130","봉화군(적덕리)","운영","T/M","200401","한국수자원공사"
"낙동강","20044140","봉화군(운계리)","운영","T/M","200403","한국수자원공사"
"낙동강","20051273","문경","운영","보통","200507","기상청"
"낙동강","20054010","문경시(농암리)","운영","T/M","200501","환경부"
"낙동강","20054020","문경시(김용리)","운영","T/M","200507","환경부"
"낙동강","20054030","상주시(하송리)","운영","T/M","200505","환경부"
"낙동강","20054040","상주시(이안교)","운영","T/M","200506","환경부"
"낙동강","20054060","상주시(화북초교)","운영","T/M","200501","환경부"
"낙동강","20054070","문경시(진안리)","운영","T/M","200503","환경부"
"낙동강","20054080","문경시(화산리)","운영","T/M","200501","환경부"
"낙동강","20061137","상주","운영","보통","200602","기상청"
"낙동강","20064010","상주시(후천교)","운영","T/M","200602","환경부"
"낙동강","20064020","상주시(외서면사무소)","운영","T/M","200603","환경부"
"낙동강","20074010","예천군(상풍교)","운영","T/M","200702","환경부"
"낙동강","20081278","의성","운영","보통","200807","기상청"
"낙동강","20084010","의성군(도서리)","운영","T/M","200807","환경부"
"낙동강","20084020","군위군(정리)","운영","T/M","200805","환경부"
"낙동강","20084030","의성군(안계면사무소)","운영","T/M","200809","환경부"
"낙동강","20084050","군위군(고곡리)","운영","T/M","200804","환경부"
"낙동강","20084060","군위군(효령교)","운영","T/M","200804","환경부"
"낙동강","20084070","군위군(대율초교)","운영","T/M","200804","환경부"
"낙동강","20084080","우보","운영","T/M","200803","환경부"
"낙동강","20084090","군위군(화본리)","운영","T/M","200803","환경부"
"낙동강","20084100","군위군(화수리)","운영","T/M","200802","환경부"
"낙동강","20084110","군위군(고로면)","운영","T/M","200802","환경부"
"낙동강","20084130","군위군(읍내리)","운영","T/M","200802","환경부"
"낙동강","20084140","의성군(도원리)","운영","T/M","200808","환경부"
"낙동강","20084150","군위군(무성리)","운영","T/M","200805","환경부"
"낙동강","20084160","군위군(미성교)","운영","T/M","200802","환경부"
"낙동강","20084170","군위군(군위댐)","운영","T/M","200801","한국수자원공사"
"낙동강","20084180","군위군(양지리)","운영","T/M","200801","한국수자원공사"
"낙동강","20094010","의성군(낙단교)","운영","T/M","200902","환경부"
"낙동강","20094020","구미시(일선교)","운영","T/M","200902","환경부"
"낙동강","20104010","김천시(부곡동)","운영","T/M","201004","환경부"
"낙동강","20104020","김천시(지례면사무소)","운영","T/M","201003","환경부"
"낙동강","20104030","김천시(월곡리)","운영","T/M","201001","한국수자원공사"
"낙동강","20104040","김천시(파천리)","운영","T/M","201001","한국수자원공사"
"낙동강","20104050","구미시(선주교)","운영","T/M","201008","환경부"
"낙동강","20104060","김천시(김천부항댐)","운영","T/M","201002","한국수자원공사"
"낙동강","20111279","구미","운영","보통","201101","기상청"
"낙동강","20114010","칠곡군(호국의다리)","운영","T/M","201104","환경부"
"낙동강","20114020","구미시(장천초교)","운영","T/M","201102","환경부"
"낙동강","20114030","성주군(성주대교)","운영","T/M","201104","환경부"
"낙동강","20114040","구미시(구미대교)","운영","T/M","201103","환경부"
"낙동강","20121143","대구","운영","보통","201216","기상청"
"낙동강","20121176","대구(기)","운영","보통","201211","기상청"
"낙동강","20121281","영천","운영","보통","201206","기상청"
"낙동강","20124010","영천시(영동교)","운영","T/M","201205","환경부"
"낙동강","20124020","포항시(죽장초교)","운영","T/M","201201","환경부"
"낙동강","20124030","영천시(화성리)","운영","T/M","201205","환경부"
"낙동강","20124035","포항시(가사리)","운영","T/M","201201","한국수자원공사"
"낙동강","20124037","포항시(죽장면)","운영","T/M","201201","한국수자원공사"
"낙동강","20124040","경산시(자인중학교)","운영","T/M","201209","환경부"
"낙동강","20124060","신천","운영","보통","201215","환경부"
"낙동강","20124070","영천시(치산리)","운영","T/M","201205","환경부"
"낙동강","20124080","대구시(오리)","운영","T/M","201215","환경부"
"낙동강","20124090","대구시(신암동)","운영","T/M","201214","환경부"
"낙동강","20124100","영천시(정각리)","운영","T/M","201204","환경부"
"낙동강","20124118","영천시(영천댐)","운영","T/M","201201","한국수자원공사"
"낙동강","20124120","영천시(가수리)","운영","T/M","201203","환경부"
"낙동강","20124130","영천시(금창교)","운영","T/M","201207","환경부"
"낙동강","20124150","대구시(성동교)","운영","T/M","201209","환경부"
"낙동강","20124160","칠곡군(금암리)","운영","T/M","201217","환경부"
"낙동강","20124170","경산시(와촌초교)","운영","T/M","201208","환경부"
"낙동강","20124190","포항시(지동리)","운영","T/M","201201","한국수자원공사"
"낙동강","20124200","영천시(보현산댐)","운영","T/M","201204","한국수자원공사"
"낙동강","20124210","영천시(굼이교)","운영","T/M","201204","한국수자원공사"
"낙동강","20134010","고령군(회천교)","운영","T/M","201303","환경부"
"낙동강","20134020","합천군(야로면사무소)","운영","T/M","201304","환경부"
"낙동강","20134030","성주군(옥화리)","운영","T/M","201302","환경부"
"낙동강","20134040","성주군(신파리)","운영","T/M","201302","환경부"
"낙동강","20144010","대구시(성하리)","운영","T/M","201404","환경부"
"낙동강","20144020","대구시(사문진교)","운영","T/M","201402","환경부"
"낙동강","20144030","고령군(고령교)","운영","T/M","201403","환경부"
"낙동강","20151284","거창","운영","보통","201505","기상청"
"낙동강","20154010","거창군(산포리)","운영","T/M","201501","환경부"
"낙동강","20154020","거창군(병곡리)","운영","T/M","201503","환경부"
"낙동강","20154030","거창군(농산리)","운영","T/M","201503","한국수자원공사"
"낙동강","20154040","거창군(거열교)","운영","T/M","201504","한국수자원공사"
"낙동강","20154050","거창군(노현리)","운영","T/M","201501","한국수자원공사"
"낙동강","20154060","거창군(덕산리)","운영","T/M","201505","한국수자원공사"
"낙동강","20154070","거창군(우혜리)","운영","T/M","201506","한국수자원공사"
"낙동강","20154080","거창군(지산교)","운영","T/M","201506","한국수자원공사"
"낙동강","20161285","합천","운영","보통","201602","기상청"
"낙동강","20164020","합천군(남정교)","운영","T/M","201602","환경부"
"낙동강","20164030","합천군(황강교)","운영","T/M","201604","환경부"
"낙동강","20174010","창녕군(본초리)","운영","T/M","201704","환경부"
"낙동강","20174020","의령군(부림면사무소)","운영","T/M","201703","환경부"
"낙동강","20174030","의령군(청계리)","운영","T/M","201703","환경부"
"낙동강","20174040","합천군(적포교)","운영","T/M","201701","환경부"
"낙동강","20181264","함양군","운영","보통","201803","기상청"
"낙동강","20181289","산청","운영","보통","201806","기상청"
"낙동강","20184020","마천2","운영","보통","201805","환경부"
"낙동강","20184060","남원시(화수리)","운영","T/M","201804","환경부"
"낙동강","20184070","함양군(중남리)","운영","T/M","201801","환경부"
"낙동강","20184100","산청군(홍계리)","운영","T/M","201811","환경부"
"낙동강","20184110","산청군(상중리)","운영","T/M","201808","환경부"
"낙동강","20184120","수곡2","운영","보통","201814","환경부"
"낙동강","20184130","산청군(경호교)","운영","T/M","201806","한국수자원공사"
"낙동강","20184140","산청군(창촌리)","운영","T/M","201813","한국수자원공사"
"낙동강","20184150","함양군(삼정리)","운영","T/M","201805","환경부"
"낙동강","20184160","산청군(동당리)","운영","T/M","201812","환경부"
"낙동강","20184170","합천군(소오리)","운영","T/M","201809","한국수자원공사"
"낙동강","20184180","남원시(운봉읍)","운영","T/M","201804","한국수자원공사"
"낙동강","20184190","함양군(의탄리)","운영","T/M","201805","한국수자원공사"
"낙동강","20184200","함양군(금천리)","운영","T/M","201802","한국수자원공사"
"낙동강","20184210","남원시(덕동리)","운영","T/M","201804","한국수자원공사"
"낙동강","20184220","남원시(의지리)","운영","T/M","201804","한국수자원공사"
"낙동강","20184230","함양군(운곡리)","운영","T/M","201801","한국수자원공사"
"낙동강","20184240","산청군(내대리)","운영","T/M","201812","한국수자원공사"
"낙동강","20184250","함양군(용평리)","운영","T/M","201803","한국수자원공사"
"낙동강","20184260","산청군(내원리)","운영","T/M","201811","한국수자원공사"
"낙동강","20184270","함양군(화촌리)","운영","T/M","201805","한국수자원공사"
"낙동강","20184280","하동군(위태리)","운영","T/M","201813","한국수자원공사"
"낙동강","20184290","하동군(대곡리)","운영","T/M","201813","한국수자원공사"
"낙동강","20184300","진주시(자매리)","운영","T/M","201810","한국수자원공사"
"낙동강","20184310","산청군(실매리)","운영","T/M","201808","한국수자원공사"
"낙동강","20184320","산청군(하정리)","운영","T/M","201809","한국수자원공사"
"낙동강","20184350","산청군(장천리)","운영","T/M","201808","한국수자원공사"
"낙동강","20184360","산청군(향양리)","운영","T/M","201806","한국수자원공사"
"낙동강","20191192","진주","운영","보통","201901","기상청"
"낙동강","20191263","의령군","운영","보통","201907","기상청"
"낙동강","20194020","진주시(장대동)","운영","T/M","201901","한국수자원공사"
"낙동강","20194030","진주시(운천리)","운영","T/M","201904","환경부"
"낙동강","20194040","함안군(대사교)","운영","T/M","201909","환경부"
"낙동강","20194050","의령군(정암교)","운영","T/M","201905","환경부"
"낙동강","20194060","의령군(성산리)","운영","T/M","201910","환경부"
"낙동강","20194070","의령군(칠곡초교)","운영","T/M","201907","환경부"
"낙동강","20194075","고성군(두문교)","운영","T/M","201902","환경부"
"낙동강","20204010","창녕군(영산면사무소)","운영","T/M","202004","환경부"
"낙동강","20204020","창원시(수산대교)","운영","T/M","202010","환경부"
"낙동강","20204030","창녕군(청암리)","운영","T/M","202005","환경부"
"낙동강","20204040","함안군(계내리)","운영","T/M","202004","환경부"
"낙동강","20204050","밀양시(내진초교)","운영","T/M","202007","환경부"
"낙동강","20211288","밀양","운영","보통","202109","기상청"
"낙동강","20214020","밀양시(남포동)","운영","T/M","202109","환경부"
"낙동강","20214030","밀양시(용전리)","운영","T/M","202106","환경부"
"낙동강","20214040","청도군(삼신리)","운영","T/M","202104","환경부"
"낙동강","20214050","경산시(곡신리)","운영","T/M","201209","환경부"
"낙동강","20214060","경주시(내칠리)","운영","T/M","202101","한국수자원공사"
"낙동강","20214090","청도군(현리리)","운영","T/M","202103","환경부"
"낙동강","20214100","양산시(선리)","운영","T/M","202105","한국수자원공사"
"낙동강","20214110","밀양시(밀양댐)","운영","T/M","202105","한국수자원공사"
"낙동강","20214120","청도군(신원리)","운영","T/M","202101","한국수자원공사"
"낙동강","20214130","청도군(운문댐)","운영","T/M","202104","한국수자원공사"
"낙동강","20214135","경주시(대현리)","운영","T/M","202101","한국수자원공사"
"낙동강","20214140","울산시(이천리)","운영","T/M","202105","한국수자원공사"
"낙동강","20221253","김해시","운영","보통","202207","기상청"
"낙동강","20221257","양산시","운영","보통","202204","기상청"
"낙동강","20224010","양산시(상북면사무소)","운영","T/M","202203","환경부"
"낙동강","20224030","김해시(전하동)","운영","T/M","202206","환경부"
"낙동강","20224040","양산시(양산교)","운영","T/M","202204","환경부"
"낙동강","20224050","밀양시(삼랑진교)","운영","T/M","202201","환경부"
"낙동강","20224060","부산시(구포대교)","운영","T/M","202208","환경부"
"형산강","21011283","경주시","운영","보통","210101","기상청"
"형산강","21014010","포항시(현내리)","운영","T/M","210107","환경부"
"형산강","21014020","경주시(시래동)","운영","T/M","210103","환경부"
"형산강","21014040","경주시(신평리)","운영","T/M","210102","환경부"
"형산강","21014050","포항시(용기리)","운영","T/M","210107","환경부"
"형산강","21014060","경주시(옥산리)","운영","T/M","210106","환경부"
"형산강","21014070","경주시(서천교)","운영","T/M","210108","환경부"
"형산강","21014080","경주시(검단리)","운영","T/M","210108","환경부"
"형산강","21014090","울산시(봉월초교)","운영","T/M","210101","환경부"
"형산강","21014100","경주시(달성교)","운영","T/M","210107","환경부"
"형산강","21014110","경주시(화산리)","운영","T/M","210109","환경부"
"형산강","21014120","경주시(박달리)","운영","T/M","210103","환경부"
"형산강","21014130","경주시(덕동)","운영","T/M","210104","환경부"
"형산강","21014140","경주시(국당리)","운영","T/M","210109","환경부"
"태화강","22011152","울산","운영","보통","220106","기상청"
"태화강","22014010","울산시(덕현리)","운영","T/M","220101","환경부"
"태화강","22014020","울산시(신답교)","운영","T/M","220105","환경부"
"태화강","22014030","울산시(삼동초교)","운영","T/M","220102","환경부"
"태화강","22014050","경주시(연안리)","운영","T/M","220105","환경부"
"태화강","22014054","울산시(사연댐)","운영","T/M","220103","한국수자원공사"
"태화강","22014060","울산시(대암댐)","운영","T/M","220102","한국수자원공사"
"태화강","22014080","울산시(태화교)","운영","T/M","220106","환경부"
"태화강","22014090","울산시(사연교)","운영","T/M","220101","환경부"
"회야ㆍ수영","23014010","양산시(삼호동)","운영","T/M","230102","환경부"
"회야ㆍ수영","23014011","울산시(선암댐)","운영","T/M","230101","한국수자원공사"
"회야ㆍ수영","23021159","부산","운영","보통","230206","기상청"
"낙동강동해","24011115","울릉도","운영","보통","240111","기상청"
"낙동강동해","24011130","울진","운영","보통","240102","기상청"
"낙동강동해","24011277","영덕","운영","보통","240110","기상청"
"낙동강동해","24014010","영양군(신원리)","운영","T/M","240103","환경부"
"낙동강동해","24021138","포항","운영","보통","240208","기상청"
"낙동강남해","25021295","남해","운영","보통","250202","기상청"
"낙동강남해","25031294","거제","운영","보통","250302","기상청"
"낙동강남해","25041155","창원","운영","보통","250406","기상청"
"낙동강남해","25041162","통영","운영","보통","250403","기상청"
"낙동강남해","25041255","북창원","운영","보통","250407","기상청"
"낙동강남해","25044010","부산시(을숙도)","운영","T/M","250408","환경부"
"금강","30011248","장수","운영","보통","300101","기상청"
"금강","30014010","진안군(마을지원센터)","운영","T/M","300105","환경부"
"금강","30014020","무주군(안성초교)","운영","T/M","300103","환경부"
"금강","30014030","용담","운영","보통","300108","환경부"
"금강","30014040","장수군(장수초교)","운영","T/M","300101","환경부"
"금강","30014080","진안군(대불리)","운영","T/M","300107","환경부"
"금강","30014090","진안","폐쇄","T/M","300106","한국수자원공사"
"금강","30014100","장수","폐쇄","T/M","300101","한국수자원공사"
"금강","30014120","무주군(원통사)","운영","T/M","300103","환경부"
"금강","30014130","계북","폐쇄","T/M","300104","한국수자원공사"
"금강","30014140","진안군(황금리)","운영","T/M","300106","한국수자원공사"
"금강","30014150","진안군(주평리)","운영","T/M","300105","한국수자원공사"
"금강","30014160","장수군(장판리)","운영","T/M","300101","한국수자원공사"
"금강","30014170","진안군(신괴리)","운영","T/M","300108","한국수자원공사"
"금강","30014180","장수군(삼봉리)","운영","T/M","300102","한국수자원공사"
"금강","30014190","장수군(원촌리)","운영","T/M","300103","한국수자원공사"
"금강","30014210","진안군(주양리)","운영","T/M","300107","한국수자원공사"
"금강","30034010","무주군(무주중앙초교)","운영","T/M","300303","환경부"
"금강","30034020","무주군(적상초교)","운영","T/M","300303","환경부"
"금강","30034030","무주군(삼가리)","운영","T/M","300303","한국수자원공사"
"금강","30034040","무주군(구천정수장)","운영","T/M","300301","환경부"
"금강","30034050","무주군(증산리)","운영","T/M","300301","한국수자원공사"
"금강","30034060","무주군(기곡리)","운영","T/M","300302","한국수자원공사"
"금강","30041238","금산","운영","보통","300403","기상청"
"금강","30044030","금산군(선원리)","운영","T/M","300403","한국수자원공사"
"금강","30044040","영동군(산막리)","운영","T/M","300406","한국수자원공사"
"금강","30051135","추풍령","운영","보통","300501","기상청"
"금강","30054010","상주시(삼포리)","운영","T/M","300502","환경부"
"금강","30054020","영동군(궁촌리)","운영","T/M","300501","환경부"
"금강","30054030","영동군(남성리)","운영","T/M","300501","한국수자원공사"
"금강","30054040","상주시(화동초교)","운영","T/M","300502","환경부"
"금강","30054050","상주시(화령초교)","운영","T/M","300502","환경부"
"금강","30054060","영동군(웅북리)","운영","T/M","300502","환경부"
"금강","30054070","상주시(득수리)","운영","T/M","300503","한국수자원공사"
"금강","30054080","영동군(궁촌리2)","운영","T/M","300502","한국수자원공사"
"금강","30064020","옥천군(원동리)","운영","T/M","300601","한국수자원공사"
"금강","30071226","보은","운영","보통","300703","기상청"
"금강","30074010","옥천군(청산초교)","운영","T/M","300706","환경부"
"금강","30074030","보은군(삼산초교)","운영","T/M","300701","환경부"
"금강","30074040","보은","운영","보통","300701","환경부"
"금강","30074050","보은군(관기초교)","운영","T/M","300704","환경부"
"금강","30074060","보은군(구병리)","운영","T/M","300704","한국수자원공사"
"금강","30074070","옥천군(도로관리사업소)","운영","T/M","300703","환경부"
"금강","30074080","보은군(동정리)","운영","T/M","300702","환경부"
"금강","30074090","보은군(이원리)","운영","T/M","300701","환경부"
"금강","30074100","옥천군(묘금리)","운영","T/M","300706","환경부"
"금강","30074110","보은군(송죽초교)","운영","T/M","300703","환경부"
"금강","30074130","보은군(삼가분교)","운영","T/M","300704","환경부"
"금강","30074140","보은군(신함리)","운영","T/M","300701","한국수자원공사"
"금강","30074150","옥천군(산계리)","운영","T/M","300706","한국수자원공사"
"금강서해","30074160","부여군(삼산리)","운영","T/M","320305","한국수자원공사"
"금강","30084010","옥천","운영","보통","300803","환경부"
"금강","30084030","옥천군(안내초교)","운영","T/M","300801","환경부"
"금강","30084040","옥천군(대정리)","운영","T/M","300804","한국수자원공사"
"금강","30084050","금산군(마전리)","운영","T/M","300802","한국수자원공사"
"금강","30084060","금산군(상곡리)","운영","T/M","300802","한국수자원공사"
"금강","30084070","청주시(문화재조사연구단)","운영","T/M","300805","환경부"
"금강","30084080","청원군(상장리)","운영","T/M","300804","한국수자원공사"
"금강","30084090","옥천군(인포리)","운영","T/M","300801","한국수자원공사"
"금강","30091133","대전","운영","보통","300906","기상청"
"금강","30094010","금산군(신대리)","운영","T/M","300903","환경부"
"금강","30094020","대전시(원촌교)","운영","T/M","300906","환경부"
"금강","30094030","대전시(두계교)","운영","T/M","300901","환경부"
"금강","30094040","대전시(만년교)","운영","T/M","300906","환경부"
"금강","30094050","대전시(인창교)","운영","T/M","300904","환경부"
"금강","30104010","세종시(부강면사무소)","운영","T/M","301002","환경부"
"금강","30111131","청주","운영","보통","301113","기상청"
"금강","30114010","천안시(병천초교)","운영","T/M","301111","환경부"
"금강","30114020","청주시(흥덕교)","운영","T/M","301110","환경부"
"금강","30114030","진천군(진천여중)","운영","T/M","301104","환경부"
"금강","30114040","청주시(가덕초교)","운영","T/M","301110","환경부"
"금강","30114050","음성군(대소보건지소)","운영","T/M","301102","환경부"
"금강","30114060","증평군(반탄교)","운영","T/M","301107","환경부"
"금강","30114070","세종시(농정원)","운영","T/M","301114","환경부"
"금강","30114090","음성군(쌍봉리)","운영","T/M","301102","환경부"
"금강","30114100","천안시(화청교)","운영","T/M","301112","환경부"
"금강","30114110","옥산","운영","T/M","301112","환경부"
"금강","30114120","초평","운영","T/M","301106","환경부"
"금강","30121236","부여","운영","보통","301214","기상청"
"금강","30121239","세종","운영","보통","301203","기상청"
"금강","30124010","공주시(금강교)","운영","T/M","301205","환경부"
"금강","30124020","부여군(홍산초교)","운영","T/M","301212","환경부"
"금강","30124040","청양군(청양읍사무소)","운영","T/M","301209","환경부"
"금강","30124050","청양군(119안전센터)","운영","T/M","301208","환경부"
"금강","30124060","공주시(정안면사무소)","운영","T/M","301205","환경부"
"금강","30124070","공주시(반포중)","운영","T/M","301202","환경부"
"금강","30124080","공주시(복룡리)","운영","T/M","301213","환경부"
"금강","30124090","부여군(백제교)","운영","T/M","301214","환경부"
"금강","30124100","공주시(유구초교)","운영","T/M","301206","환경부"
"금강","30124110","세종시(문성교)","운영","T/M","301203","환경부"
"금강","30124120","우성","운영","T/M","301206","환경부"
"금강","30134010","논산시(연산중)","운영","T/M","301303","환경부"
"금강","30134020","완주군(장선초교)","운영","T/M","301301","환경부"
"금강","30134030","탑정","운영","보통","301303","한국농어촌공사"
"금강","30134040","논산시(동산초교)","운영","T/M","301301","환경부"
"금강","30134050","논산시(토양리)","운영","T/M","301305","환경부"
"금강","30144010","논산시(황산리)","운영","T/M","301401","환경부"
"금강","30144020","익산시(함열초교)","운영","T/M","301401","환경부"
"금강","30144030","서천군(망월리)","운영","T/M","301403","환경부"
"금강","30144040","서천군(충남디자인예술고)","운영","T/M","301403","환경부"
"금강","30144050","익산시(연동리)","운영","T/M","301401","환경부"
"삽교천","31011101","홍성","운영","보통","310101","기상청"
"삽교천","31011232","천안","운영","보통","310111","기상청"
"삽교천","31014010","홍성군(홍성초교)","운영","T/M","310101","환경부"
"삽교천","31014020","예산군(예산국토)","운영","T/M","310108","환경부"
"삽교천","31014030","예산군(덕산면사무소)","운영","T/M","310101","환경부"
"삽교천","31014040","삽교호","운영","보통","310116","한국농어촌공사"
"삽교천","31014050","예당","운영","보통","310108","한국농어촌공사"
"삽교천","31014060","궁평","운영","보통","310113","한국농어촌공사"
"삽교천","31014070","아산","운영","보통","310114","한국농어촌공사"
"삽교천","31014090","당진시(순성초교)","운영","T/M","310116","환경부"
"삽교천","31014100","청양군(가남초교)","운영","T/M","310104","환경부"
"삽교천","31014110","예산군(신양리)","운영","T/M","310106","환경부"
"삽교천","31014120","아산시(초사초교)","운영","T/M","310114","환경부"
"삽교천","31014130","아산시(동방초교)","운영","T/M","310111","환경부"
"삽교천","31014140","천안시(신흥교)","운영","T/M","310110","환경부"
"삽교천","31014150","아산시(강청교)","운영","T/M","310114","환경부"
"삽교천","31014160","광시","폐쇄","T/M","310107","한국농어촌공사"
"삽교천","31014170","대흥","운영","T/M","310107","한국농어촌공사"
"삽교천","31014180","송석","운영","T/M","310105","한국농어촌공사"
"삽교천","31014190","예산2","운영","T/M","310108","한국농어촌공사"
"삽교천","31014192","예산군(은사교)","운영","T/M","310107","환경부"
"삽교천","31014195","신대교","운영","T/M","310107","한국농어촌공사"
"삽교천","31014198","배약교","운영","T/M","310107","한국농어촌공사"
"금강서해","32021129","서산","운영","보통","320204","기상청"
"금강서해","32031140","군산","운영","보통","320309","기상청"
"금강서해","32031235","보령","운영","보통","320304","기상청"
"금강서해","32034010","보령시(미산면사무소)","운영","T/M","320305","환경부"
"금강서해","32034020","보령시(미산초교)","운영","T/M","320305","환경부"
"금강서해","32034050","보령시(보령댐)","운영","T/M","320306","한국수자원공사"
"금강서해","32034060","보령시(도화담리)","운영","T/M","320305","한국수자원공사"
"금강서해","32034070","청천","폐쇄","T/M","320302","한국농어촌공사"
"만경ㆍ동진","33011146","전주","운영","보통","330109","기상청"
"만경ㆍ동진","33014010","완주군(고산중교)","운영","T/M","330105","환경부"
"만경ㆍ동진","33014020","군산시(임피초교)","운영","T/M","330112","환경부"
"만경ㆍ동진","33014030","경천","운영","보통","330103","한국농어촌공사"
"만경ㆍ동진","33014040","대아","운영","보통","330101","한국농어촌공사"
"만경ㆍ동진","33014050","동상","운영","보통","330101","한국농어촌공사"
"만경ㆍ동진","33014060","대천","운영","T/M","330111","환경부"
"만경ㆍ동진","33014070","완주군(구이초교)","운영","T/M","330107","환경부"
"만경ㆍ동진","33014080","김제시(용지초교)","운영","T/M","330113","환경부"
"만경ㆍ동진","33014090","익산시(미륵초교)","운영","T/M","330112","환경부"
"만경ㆍ동진","33014100","전주시(미산교)","운영","T/M","330109","환경부"
"만경ㆍ동진","33014110","완주군(용봉교)","운영","T/M","330105","환경부"
"만경ㆍ동진","33014120","완주군(용진초교)","운영","T/M","330104","환경부"
"만경ㆍ동진","33021245","정읍","운영","보통","330203","기상청"
"만경ㆍ동진","33024020","김제시(금구초교)","운영","T/M","330206","환경부"
"만경ㆍ동진","33024030","정읍시(고부초교)","운영","T/M","330205","환경부"
"만경ㆍ동진","33024040","김제시(김제중앙중교)","운영","T/M","330207","환경부"
"만경ㆍ동진","33024050","정읍시(태인중교)","운영","T/M","330202","환경부"
"만경ㆍ동진","33024070","정읍시(산외중교)","운영","T/M","330201","환경부"
"만경ㆍ동진","33024080","정읍시(정읍북초교)","운영","T/M","330203","환경부"
"만경ㆍ동진","33031243","부안","운영","보통","330302","기상청"
"만경ㆍ동진","33034030","부안군(부안댐)","운영","T/M","330303","한국수자원공사"
"만경ㆍ동진","33034040","부안군(부안청림천문대)","운영","T/M","330301","한국수자원공사"
"섬진강","40011244","임실","운영","보통","400104","기상청"
"섬진강","40014030","약수","폐쇄","보통","400107","한국농어촌공사"
"섬진강","40014050","순창군(시산리)","운영","T/M","400107","한국수자원공사"
"섬진강","40014060","임실군(용암리)","운영","T/M","400105","한국수자원공사"
"섬진강","40014070","진안군(도통리)","운영","T/M","400103","한국수자원공사"
"섬진강","40024010","강진","운영","보통","400201","환경부"
"섬진강","40024020","임실군(섬진강댐)","운영","T/M","400201","한국수자원공사"
"섬진강","40024030","임실군(일중리)","운영","T/M","400201","환경부"
"섬진강","40024040","임실군(두복리)","폐쇄","T/M","400201","환경부"
"섬진강","40024050","순창군(평남리)","운영","T/M","400203","환경부"
"섬진강","40024060","임실군(청웅면사무소)","운영","T/M","400201","환경부"
"섬진강","40034010","임실군(문화체육센터)","운영","T/M","400301","환경부"
"섬진강","40034020","순창군(현포리)","운영","T/M","400303","환경부"
"섬진강","40034030","임실군(오봉리)","운영","T/M","400301","환경부"
"섬진강","40041254","순창군","운영","보통","400402","기상청"
"섬진강","40044010","곡성군(옥과톨게이트)","운영","T/M","400403","환경부"
"섬진강","40044020","순창","운영","보통","400402","환경부"
"섬진강","40044030","순창군(옥천교)","운영","T/M","400402","환경부"
"섬진강","40044040","순창군(유적교)","운영","T/M","400401","환경부"
"섬진강","40044060","남원시(신덕리)","운영","T/M","400404","환경부"
"섬진강","40044070","곡성군(괴소리)","운영","T/M","400403","환경부"
"섬진강","40051247","남원","운영","보통","400504","기상청"
"섬진강","40054020","남원시(동림교)","운영","T/M","400504","환경부"
"섬진강","40054030","장수군(동화저수지)","운영","T/M","400502","환경부"
"섬진강","40054040","남원시(요천대교)","운영","T/M","400504","환경부"
"섬진강","40064010","곡성군(고달교)","운영","T/M","400601","환경부"
"섬진강","40074020","복내","운영","보통","400703","환경부"
"만경ㆍ동진","40074030","보성","운영","보통","330108","환경부"
"섬진강","40074040","보성","폐쇄","T/M","400703","한국수자원공사"
"섬진강","40074050","화순군(동복댐)","운영","T/M","400705","한국수자원공사"
"섬진강","40074060","보성군(복내리)","운영","T/M","400703","한국수자원공사"
"섬진강","40074070","순천시(우산리)","운영","T/M","400707","한국수자원공사"
"섬진강","40074080","순천시(주암댐)","운영","T/M","400707","한국수자원공사"
"섬진강","40074082","장흥군(봉동리)","운영","T/M","400702","한국수자원공사"
"섬진강","40074090","보성군(보성강댐)","운영","T/M","400703","한국수자원공사"
"섬진강남해","40074092","보성강댐","운영","T/M","410106","한국수력원자력"
"섬진강","40074126","웅치","운영","T/M","400701","한국수력원자력"
"섬진강","40074127","장평","운영","T/M","400701","한국수력원자력"
"섬진강","40074140","화순군(동가리)","운영","T/M","400705","한국수자원공사"
"만경ㆍ동진","40074143","화순군(맹리)","운영","T/M","330101","한국수자원공사"
"섬진강","40074145","보성교","운영","T/M","400702","한국수력원자력"
"섬진강","40074146","죽동교","운영","T/M","400702","한국수력원자력"
"섬진강","40074147","광곡교","운영","T/M","400702","한국수력원자력"
"섬진강","40081256","주암","폐쇄","보통","400801","기상청"
"섬진강","40084010","곡성군(태안교)","운영","T/M","400802","환경부"
"섬진강","40084020","곡성군(석곡톨게이트)","운영","T/M","400801","환경부"
"섬진강","40094050","하동군(묵계리)","운영","T/M","400908","환경부"
"섬진강","40094060","구례군(구례교)","운영","T/M","400902","환경부"
"섬진강","40094070","구례군(문수리경로당)","운영","T/M","400904","환경부"
"섬진강","40094080","하동군(쌍계초교)","운영","T/M","400906","환경부"
"섬진강","40094090","하동군(읍내리)","운영","T/M","400911","환경부"
"섬진강","40094100","하동군(횡천초교)","운영","T/M","400909","환경부"
"섬진강","40094110","곡성군(예성교)","운영","T/M","400902","환경부"
"섬진강","40094120","광양시(남도대교)","운영","T/M","400907","환경부"
"섬진강","40094140","광양시(다압취수장)","운영","T/M","400907","환경부"
"섬진강","40094150","순천시(괴목리)","운영","T/M","400901","환경부"
"섬진강","40094160","구례군(서시교)","운영","T/M","400903","환경부"
"섬진강","40094170","구례군(문수리)","운영","T/M","400904","환경부"
"섬진강남해","41011258","보성군","운영","보통","410106","기상청"
"섬진강남해","41011259","강진군","운영","보통","410101","기상청"
"섬진강남해","41021170","완도","운영","보통","410201","기상청"
"섬진강남해","41041174","순천","운영","보통","410401","기상청"
"섬진강남해","41041262","고흥","운영","보통","410409","기상청"
"섬진강남해","41044020","순천시(주암조절지댐)","운영","T/M","410402","한국수자원공사"
"섬진강남해","41044030","순천시(죽학리)","운영","T/M","410401","한국수자원공사"
"섬진강남해","41044040","순천국토관리사무소","운영","T/M","410403","환경부"
"섬진강남해","41051168","여수","운영","보통","410506","기상청"
"섬진강남해","41051266","광양시","운영","보통","410504","기상청"
"섬진강남해","41054030","광양시(수어댐)","운영","T/M","410503","한국수자원공사"
"섬진강남해","41054050","광양시(어치리)","운영","T/M","410502","한국수자원공사"
"영산강","50011156","광주","운영","보통","500107","기상청"
"영산강","50014010","용면","폐쇄","보통","500103","한국농어촌공사"
"영산강","50014020","광주광역시(대성초교)","운영","T/M","500107","환경부"
"영산강","50014030","담양군(광주댐)","운영","T/M","500104","환경부"
"영산강","50014040","광주광역시(무등산2중계소)","운영","T/M","500107","환경부"
"영산강","50014050","담양군(담양댐)","운영","T/M","500103","환경부"
"영산강","50014060","담양군(삼지교)","운영","T/M","500103","환경부"
"영산강","50014070","담양군(담양홍수조절지)","운영","T/M","500103","한국수자원공사"
"영산강","50024010","장성","운영","보통","500202","환경부"
"영산강","50024020","장성군(백암저수지)","운영","T/M","500202","환경부"
"영산강","50024030","장성군(장성댐)","운영","T/M","500202","환경부"
"만경ㆍ동진","50024040","장성군(월평리)","운영","T/M","330101","환경부"
"영산강","50024050","장성군(수산리)","운영","T/M","500203","한국수자원공사"
"영산강","50024051","장성군(평림댐)","운영","T/M","500203","한국수자원공사"
"영산강","50034030","나주시(나주댐)","운영","T/M","500304","환경부"
"영산강","50034040","화순군(신성교)","운영","T/M","500306","환경부"
"영산강","50034050","광주광역시(양과동)","운영","T/M","500307","환경부"
"영산강","50034060","화순군(동면초교)","운영","T/M","500303","환경부"
"영산강","50034070","화순군(청풍초교)","운영","T/M","500301","환경부"
"영산강","50034080","화순군(화순홍수조절지)","운영","T/M","500301","한국수자원공사"
"영산강","50044010","영산포","운영","보통","500402","환경부"
"영산강","50044020","도암","운영","보통","500402","환경부"
"영산강","50044030","광주광역시(동곡초교)","운영","T/M","500401","환경부"
"영산강","50044040","나주시(봉황초교)","운영","T/M","500403","환경부"
"영산강","50054010","장성군(삼서면사무소)","운영","T/M","500501","환경부"
"영산강","50054020","함평군(나산교)","운영","T/M","500502","환경부"
"영산강","50064020","함평군(기산초교)","운영","T/M","500601","환경부"
"영산강","50074010","영암군(도포중교)","운영","T/M","500702","환경부"
"영산강","50074020","영암군(장천초교)","운영","T/M","500701","환경부"
"영산강","50084010","하구언(내)","운영","T/M","500802","환경부"
"탐진강","51011260","장흥","운영","보통","510102","기상청"
"탐진강","51014020","강진군(병영면사무소)","운영","T/M","510103","환경부"
"탐진강","51014030","장흥군(조양리)","운영","T/M","510101","환경부"
"탐진강","51014040","영암군(한대리)","운영","T/M","510101","한국수자원공사"
"탐진강","51014050","장흥군(운월리)","운영","T/M","510101","한국수자원공사"
"탐진강","51014060","장흥군(장흥댐)","운영","T/M","510102","한국수자원공사"
"탐진강","51014070","탐진댐","운영","T/M","510102","한국수자원공사"
"탐진강","51014080","강진군(작천중교)","운영","T/M","510103","환경부"
"탐진강","51014090","강진군(석교교)","운영","T/M","510104","환경부"
"탐진강","51014100","장흥군(별천교)","운영","T/M","510102","환경부"
"탐진강","51014150","병영","운영","T/M","510103","환경부"
"영산강남해","52011175","진도(첨찰산)","운영","보통","520103","기상청"
"영산강남해","52011268","진도군","운영","보통","520102","기상청"
"영산강남해","52021261","해남","운영","보통","520205","기상청"
"영산강서해","53011251","고창군","운영","보통","530103","기상청"
"영산강서해","53021164","무안","폐쇄","보통","530206","기상청"
"영산강서해","53021165","목포","운영","보통","530209","기상청"
"영산강서해","53021172","고창","운영","보통","530203","기상청"
"영산강서해","53021252","영광군","운영","보통","530203","기상청"
"영산강서해","53024010","목포","운영","보통","530209","환경부"
"영산강서해","53031169","흑산도","운영","보통","530301","기상청"
"제주도","60011185","고산","운영","보통","600101","기상청"
"제주도","60021184","제주","운영","보통","600203","기상청"
"제주도","60031189","서귀포","운영","보통","600303","기상청"
"제주도","60041187","성산","폐쇄","보통","600403","기상청"
"제주도","60041188","성산","운영","보통","600403","기상청"
"제주도","60041265","성산포","폐쇄","보통","600403","기상청"
"영산강","99999999","평림댐","폐쇄","T/M","500203","한국수자원공사"
